-- 游늯 3. Inserci칩n de Datos (insert.sql)

INSERT INTO categorias (nombre, descripcion) VALUES
('Laptops', 'Computadoras port치tiles de diferentes marcas y especificaciones'),
('Tel칠fonos', 'Smartphones y tel칠fonos m칩viles'),
('Componentes', 'Componentes para computadoras y dispositivos'),
('Perif칠ricos', 'Teclados, ratones, monitores y otros accesorios'),
('Audio', 'Aud칤fonos, parlantes y equipos de sonido'),
('Tablets', 'Dispositivos m칩viles con pantalla t치ctil'),
('Impresi칩n', 'Impresoras, scanners y equipos multifunci칩n'),
('Redes', 'Equipos de conectividad y networking'),
('Almacenamiento', 'Discos duros, SSDs y unidades externas'),
('Gaming', 'Equipos y accesorios para videojuegos'),
('Seguridad', 'Equipos de seguridad y vigilancia electr칩nica'),
('Software', 'Programas y licencias de software'),
('Realidad Virtual', 'Equipos de VR y accesorios'),
('Smart Home', 'Dispositivos para hogares inteligentes'),
('Drones', 'Veh칤culos a칠reos no tripulados y accesorios');

INSERT INTO proveedores (nombre, contacto, telefono, email, direccion) VALUES
('TecnoSuministros', 'Juan P칠rez', '555-1001', 'juan@gmail.com', 'Av. Tecnol칩gica 123'),
('ElectroParts', 'Mar칤a G칩mez', '555-1002', 'maria@gmail.com', 'Calle Circuito 456'),
('GadgetMasters', 'Carlos Ruiz', '555-1003', 'carlos@gmail.com', 'Boulevard Digital 789'),
('CompuGlobal', 'Laura D칤az', '555-1004', 'laura@gmail.com', 'Calle Byte 101'),
('TechImport', 'Roberto S치nchez', '555-1005', 'roberto@gmail.com', 'Av. Innovaci칩n 202'),
('DigitalWare', 'Ana Mart칤nez', '555-1006', 'ana@gmail.com', 'Calle Software 303'),
('HardwarePro', 'Luis Gonz치lez', '555-1007', 'luis@gmail.com', 'Av. Componentes 404'),
('MobileTech', 'Sof칤a Ram칤rez', '555-1008', 'sofia@gmail.com', 'Boulevard Smartphones 505'),
('NetSolutions', 'Pedro L칩pez', '555-1009', 'pedro@gmail.com', 'Calle Redes 606'),
('AudioWorld', 'Carmen Vargas', '555-1010', 'carmen@gmail.com', 'Av. Sonido 707'),
('GameSuppliers', 'David Morales', '555-1011', 'david@gmail.com', 'Boulevard Gaming 808'),
('VisionVR', 'Elena Castro', '555-1012', 'elena@gmail.com', 'Calle Virtual 909'),
('SmartHomeTech', 'Ricardo Ortega', '555-1013', 'ricardo@gmail.com', 'Av. Automatizaci칩n 1010'),
('DroneMasters', 'Patricia Reyes', '555-1014', 'patricia@gmail.com', 'Boulevard A칠reo 1111'),
('SecurityTech', 'Francisco Mendoza', '555-1015', 'francisco@gmail.com', 'Calle Vigilancia 1212');

INSERT INTO productos (nombre, descripcion, precio, categoria_id, proveedor_id) VALUES
('Laptop HP EliteBook', 'Core i7, 16GB RAM, 512GB SSD', 1200.00, 1, 1),
('Laptop Dell XPS 13', 'Core i5, 8GB RAM, 256GB SSD', 999.99, 1, 2),
('iPhone 14 Pro', '128GB, Pantalla Super Retina XDR', 1099.00, 2, 3),
('Samsung Galaxy S23', '256GB, 8GB RAM, C치mara 108MP', 899.00, 2, 4),
('Teclado Mec치nico RGB', 'Switches Red, Retroiluminaci칩n RGB', 89.99, 4, 5),
('Mouse Inal치mbrico', '2400DPI, 6 botones, ergon칩mico', 29.99, 4, 1),
('Monitor 24" Full HD', '1920x1080, 75Hz, IPS', 159.00, 4, 2),
('Disco SSD 1TB', 'NVMe, Velocidad 3500MB/s', 99.99, 3, 3),
('Memoria RAM 16GB', 'DDR4, 3200MHz', 59.99, 3, 4),
('Aud칤fonos Bluetooth', 'Cancelaci칩n de ruido, 30h bater칤a', 129.99, 5, 5),
('Parlante JBL', 'Port치til, resistente al agua', 79.99, 5, 1),
('Tarjeta Gr치fica RTX 3060', '12GB GDDR6, 3 ventiladores', 399.00, 3, 2),
('Tablet Samsung Galaxy Tab', '10.4", 64GB, LTE', 249.00, 2, 3),
('Cargador USB-C 65W', 'Carga r치pida, compatible con m칰ltiples dispositivos', 29.99, 4, 4),
('Webcam 4K', 'Resoluci칩n UHD, micr칩fono integrado', 89.99, 4, 5),
('Router WiFi 6', 'Doble banda, 3000Mbps', 129.00, 3, 1),
('Impresora Multifuncional', 'Imprime, escanea, copia', 149.99, 4, 2);

INSERT INTO clientes (nombre, email, telefono, direccion) VALUES
('Ana Mart칤nez', 'ana.martinez@gmail.com', '555-2001', 'Calle Primavera 123'),
('Luis Rodr칤guez', 'luis.rodriguez@gmail.com', '555-2002', 'Av. Libertad 456'),
('Marta S치nchez', 'marta.sanchez@gmail.com', '555-2003', 'Boulevard Flores 789'),
('Jorge Fern치ndez', 'jorge.fernandez@gmail.com', '555-2004', 'Calle Roble 101'),
('Carmen L칩pez', 'carmen.lopez@gmail.com', '555-2005', 'Av. Central 202'),
('David Gonz치lez', 'david.gonzalez@gmail.com', '555-2006', 'Calle Luna 303'),
('Sof칤a Ram칤rez', 'sofia.ramirez@gmail.com', '555-2007', 'Boulevard Sol 404'),
('Pedro Cruz', 'pedro.cruz@gmail.com', '555-2008', 'Av. Norte 505'),
('Elena Morales', 'elena.morales@gmail.com', '555-2009', 'Calle Sur 606'),
('Ricardo Vargas', 'ricardo.vargas@gmail.com', '555-2010', 'Boulevard Este 707'),
('Patricia Castro', 'patricia.castro@gmail.com', '555-2011', 'Av. Oeste 808'),
('Francisco Ortega', 'francisco.ortega@gmail.com', '555-2012', 'Calle Arcoiris 909'),
('Isabel Reyes', 'isabel.reyes@gmail.com', '555-2013', 'Boulevard Universo 1010'),
('Manuel Herrera', 'manuel.herrera@gmail.com', '555-2014', 'Av. Galaxia 1111'),
('Luc칤a Mendoza', 'lucia.mendoza@gmail.com', '555-2015', 'Calle Estrella 1212');


INSERT INTO ventas (cliente_id, fecha_venta, total) VALUES
(1, '2023-10-15 10:30:00', 1299.99),
(3, '2023-10-16 14:15:00', 189.98),
(5, '2023-10-17 11:45:00', 399.00),
(2, '2023-10-18 16:20:00', 1099.00),
(4, '2023-10-19 09:10:00', 248.99),
(6, '2023-10-20 13:25:00', 579.98),
(7, '2023-10-21 15:30:00', 299.97),
(8, '2023-10-22 10:45:00', 899.00),
(9, '2023-10-23 12:00:00', 159.00),
(10, '2023-10-24 16:10:00', 529.98),
(11, '2023-10-25 09:20:00', 249.00),
(12, '2023-10-26 14:35:00', 129.99),
(13, '2023-10-27 11:50:00', 399.00),
(14, '2023-10-28 13:15:00', 89.99),
(15, '2023-10-29 15:40:00', 149.99);

INSERT INTO detalles_venta (venta_id, producto_id, cantidad, precio_unitario) VALUES
(1, 1, 1, 1200.00),
(1, 5, 1, 89.99),
(2, 10, 1, 129.99),
(2, 11, 1, 79.99),
(3, 12, 1, 399.00),
(4, 3, 1, 1099.00),
(5, 14, 2, 29.99),
(5, 15, 1, 89.99),
(5, 16, 1, 129.00),
(6, 2, 1, 999.99),
(6, 6, 1, 29.99),
(7, 7, 1, 159.00),
(7, 8, 1, 99.99),
(7, 9, 1, 59.99),
(8, 4, 1, 899.00),
(9, 13, 1, 249.00),
(10, 1, 1, 1200.00),
(10, 5, 1, 89.99),
(11, 17, 1, 149.99),
(12, 10, 1, 129.99),
(13, 12, 1, 399.00),
(14, 11, 1, 79.99),
(15, 7, 1, 159.00);


INSERT INTO movimientos_stock (producto_id, tipo_movimiento, cantidad, motivo, fecha_movimiento, usuario_responsable) VALUES
(1, 'ENTRADA', 15, 'CARGA INICIAL', '2023-10-01 09:00:00', 'admin'),
(2, 'ENTRADA', 8, 'CARGA INICIAL', '2023-10-01 09:00:00', 'admin'),
(3, 'ENTRADA', 20, 'CARGA INICIAL', '2023-10-01 09:00:00', 'admin'),
(4, 'ENTRADA', 12, 'CARGA INICIAL', '2023-10-01 09:00:00', 'admin'),
(5, 'ENTRADA', 50, 'CARGA INICIAL', '2023-10-01 09:00:00', 'admin'),
(6, 'ENTRADA', 45, 'CARGA INICIAL', '2023-10-01 09:00:00', 'admin'),
(7, 'ENTRADA', 10, 'CARGA INICIAL', '2023-10-01 09:00:00', 'admin'),
(8, 'ENTRADA', 25, 'CARGA INICIAL', '2023-10-01 09:00:00', 'admin'),
(9, 'ENTRADA', 40, 'CARGA INICIAL', '2023-10-01 09:00:00', 'admin'),
(10, 'ENTRADA', 18, 'CARGA INICIAL', '2023-10-01 09:00:00', 'admin'),
(11, 'ENTRADA', 22, 'CARGA INICIAL', '2023-10-01 09:00:00', 'admin'),
(12, 'ENTRADA', 5, 'CARGA INICIAL', '2023-10-01 09:00:00', 'admin'),
(13, 'ENTRADA', 7, 'CARGA INICIAL', '2023-10-01 09:00:00', 'admin'),
(14, 'ENTRADA', 50, 'CARGA INICIAL', '2023-10-01 09:00:00', 'admin'),
(15, 'ENTRADA', 12, 'CARGA INICIAL', '2023-10-01 09:00:00', 'admin'),
(16, 'ENTRADA', 9, 'CARGA INICIAL', '2023-10-01 09:00:00', 'admin'),
(17, 'ENTRADA', 6, 'CARGA INICIAL', '2023-10-01 09:00:00', 'admin'),
(1, 'SALIDA', 1, 'VENTA #1', '2023-10-15 10:30:00', 'vendedor1'),
(5, 'SALIDA', 1, 'VENTA #1', '2023-10-15 10:30:00', 'vendedor1'),
(10, 'SALIDA', 1, 'VENTA #2', '2023-10-16 14:15:00', 'vendedor2'),
(11, 'SALIDA', 1, 'VENTA #2', '2023-10-16 14:15:00', 'vendedor2'),
(12, 'SALIDA', 1, 'VENTA #3', '2023-10-17 11:45:00', 'vendedor3'),
(3, 'SALIDA', 1, 'VENTA #4', '2023-10-18 16:20:00', 'vendedor1'),
(14, 'ENTRADA', 2, 'CARGA INICIAL', '2023-10-19 09:10:00', 'vendedor2'),
(15, 'SALIDA', 1, 'VENTA #5', '2023-10-19 09:10:00', 'vendedor2'),
(16, 'SALIDA', 1, 'VENTA #5', '2023-10-19 09:10:00', 'vendedor2'),
(2, 'SALIDA', 1, 'VENTA #6', '2023-10-20 13:25:00', 'vendedor3'),
(6, 'SALIDA', 1, 'VENTA #6', '2023-10-20 13:25:00', 'vendedor3'),
(7, 'SALIDA', 1, 'VENTA #7', '2023-10-21 15:30:00', 'vendedor1'),
(8, 'SALIDA', 1, 'VENTA #7', '2023-10-21 15:30:00', 'vendedor1'),
(9, 'SALIDA', 1, 'VENTA #7', '2023-10-21 15:30:00', 'vendedor1'),
(4, 'SALIDA', 1, 'VENTA #8', '2023-10-22 10:45:00', 'vendedor2'),
(13, 'SALIDA', 1, 'VENTA #9', '2023-10-23 12:00:00', 'vendedor3'),
(1, 'SALIDA', 1, 'VENTA #10', '2023-10-24 16:10:00', 'vendedor1'),
(5, 'SALIDA', 1, 'VENTA #10', '2023-10-24 16:10:00', 'vendedor1'),
(17, 'SALIDA', 1, 'VENTA #11', '2023-10-25 09:20:00', 'vendedor2'),
(10, 'SALIDA', 1, 'VENTA #12', '2023-10-26 14:35:00', 'vendedor3'),
(12, 'SALIDA', 1, 'VENTA #13', '2023-10-27 11:50:00', 'vendedor1'),
(11, 'SALIDA', 1, 'VENTA #14', '2023-10-28 13:15:00', 'vendedor2'),
(7, 'SALIDA', 1, 'VENTA #15', '2023-10-29 15:40:00', 'vendedor3');